id,CycloneName,Year,PortList,Condition,ConditionEffectiveTime,VesselOps,OceanVesselOps,FacilityOps
1,RAFAEL,2024,"Tampa, Manatee, StPetersburg",WHISKEY,11/4/2024 11:00,Vessels wishing to remain in port must obtain Captain-of-the-Port approval and submit a written safe-mooring plan; vessels unable to offload and depart within 24 hours of threatening winds should divert to an alternate port.,Vessels wishing to remain in port must obtain Captain-of-the-Port approval and submit a written safe-mooring plan; vessels unable to offload and depart within 24 hours of threatening winds should divert to an alternate port.,Ports and facilities remain open to all commercial traffic and cargo transfer operations may continue while Condition WHISKEY is in effect.
2,RAFAEL,2024,KeyWest,X-RAY,11/4/2024 5:00,Vessels wishing to remain in port must request permission from the Captain of the Port and submit a written safe-mooring plan; vessels unable to offload and depart within 24 h of threatening winds should divert to an alternate port.,Vessels wishing to remain in port must request permission from the Captain of the Port and submit a written safe-mooring plan; vessels unable to offload and depart within 24 h of threatening winds should divert to an alternate port.,Ports and facilities remain open to all commercial traffic and may continue cargo transfer operations while Condition X-Ray is in effect.
3,MILTON,2024,"Tampa, Manatee, StPetersburg, Charlotte",ZULU,10/8/2024 0:00,No vessels may enter or transit the port without Captain of the Port permission; all vessel movements are prohibited.,No vessels may enter or transit the port without Captain of the Port permission; all vessel movements are prohibited.,"All waterfront operations are suspended; facility storm preparations should be complete, with only final safety actions allowed under COTP approval."
4,MILTON,2024,"KeyWest, Marathon, StockIsland",ZULU,10/7/2024 22:00,No vessels may enter or transit within the ports without permission of the Captain of the Port; all vessel movements are prohibited.,No vessels may enter or transit within the ports without permission of the Captain of the Port; all vessel movements are prohibited.,All waterfront operations are suspended and facility storm preparations should be complete; only final safety preparations authorized by the Captain of the Port may continue.
5,MILTON,2024,"Miami, Everglades, PalmBeach, Canaveral, Pierce",YANKEE,10/7/2024 22:00,"All vessels, including barges and pleasure craft, must plan to depart the port as early as possible; there are no safe havens in the port and vessel inventory should be kept to a minimum. Secure or remove EPIRBs from any vessel left ashore to prevent false alerts.","All vessels, including barges and pleasure craft, must plan to depart the port as early as possible; there are no safe havens in the port and vessel inventory should be kept to a minimum. Secure or remove EPIRBs from any vessel left ashore to prevent false alerts.","Ports and waterfront facilities should minimize the number of vessels in port, monitor storm conditions, and ensure the port area is cleared of non-essential traffic in preparation for sustained tropical-storm-force winds expected within 24 hours."
6,MILTON,2024,"Tampa, StPetersburg, Manatee",YANKEE,10/7/2024 13:00,"Mariners are reminded there are no safe havens in these facilities; all vessels, barges, and pleasure craft should plan to depart the port early to avoid bridge closures, and the inventory of vessels in port should be kept to a minimum.","Mariners are reminded there are no safe havens in these facilities; all vessels, barges, and pleasure craft should plan to depart the port early to avoid bridge closures, and the inventory of vessels in port should be kept to a minimum.","Ports and terminal operators should reduce alongside vessel numbers, ensure no vessels seek safe haven, secure equipment and cargo, monitor Coast Guard Homeport for updates, and prepare for storm surge and coastal flooding."
7,MILTON,2024,"KeyWest, Marathon",YANKEE,10/7/2024 6:00,"Mariners are reminded there are no safe havens; all vessels, barges and pleasure craft should make plans to depart the port early to avoid bridge closures and should disable EPIRB devices if already moored or out of the water.","Mariners are reminded there are no safe havens; all vessels, barges and pleasure craft should make plans to depart the port early to avoid bridge closures and should disable EPIRB devices if already moored or out of the water.","Ports and waterfront facilities should minimize the number of vessels in port, recognize that the port offers no safe haven, and continue to monitor Coast Guard Homeport for further directives."
8,MILTON,2024,Miami,X-RAY,10/6/2024 10:00,"Vessels that wish to remain in port must request permission from the Captain of the Port and submit a written safe-mooring plan; vessels bound for South Carolina, Georgia or Florida that cannot safely off-load and depart within 24 hours of threatening winds should divert to an alternate port.","Vessels that wish to remain in port must request permission from the Captain of the Port and submit a written safe-mooring plan; vessels bound for South Carolina, Georgia or Florida that cannot safely off-load and depart within 24 hours of threatening winds should divert to an alternate port.",Ports and facilities remain open to all commercial traffic and all transfer operations may continue while Port Condition X-RAY is in effect.
9,MILTON,2024,"Tampa, StPetersburg, Manatee, Clearwater",X-RAY,10/6/2024 9:00,Vessels wishing to remain in port must obtain Captain-of-the-Port permission and submit a written safe-mooring plan.,Vessels wishing to remain in port must obtain Captain-of-the-Port permission and submit a written safe-mooring plan.,Ports and facilities remain open to all commercial traffic and transfer operations may continue while Condition X-Ray is in effect.
10,MILTON,2024,Miami,WHISKEY,10/6/2024 3:00,Vessels that wish to remain in port must request permission from the Captain of the Port and submit a written safe-mooring plan; vessels unable to offload and depart within 24 hours of threatening winds should divert to an alternate port.,Vessels that wish to remain in port must request permission from the Captain of the Port and submit a written safe-mooring plan; vessels unable to offload and depart within 24 hours of threatening winds should divert to an alternate port.,"Ports and facilities are open to all commercial traffic, and all transfer operations may continue while Port Condition WHISKEY is in effect."
11,MILTON,2024,KeyWest,X-RAY,10/6/2024 1:00,Vessels wishing to remain in port must obtain permission from the Captain of the Port and submit a written safe-mooring plan; vessels unable to offload and depart within 24 hours of threatening winds should divert to an alternate port.,Vessels wishing to remain in port must obtain permission from the Captain of the Port and submit a written safe-mooring plan; vessels unable to offload and depart within 24 hours of threatening winds should divert to an alternate port.,Ports and facilities are open to all commercial traffic and transfer operations may continue while Port Condition X-Ray is in effect.
12,MILTON,2024,"Tampa, Manatee, Petersburg",WHISKEY,10/6/2024 0:00,Vessels wishing to remain in port must obtain Captain-of-the-Port permission and submit a written safe-mooring plan; vessels unable to offload and depart within 24 h of threatening winds should divert to an alternate port.,Vessels wishing to remain in port must obtain Captain-of-the-Port permission and submit a written safe-mooring plan; vessels unable to offload and depart within 24 h of threatening winds should divert to an alternate port.,Ports and facilities stay open to all commercial traffic and may continue all transfer operations while Condition WHISKEY is in effect.
13,MILTON,2024,KeyWest,WHISKEY,10/5/2024 12:00,Vessels wishing to remain in port must obtain Captain of the Port permission and submit a written safe-mooring plan; vessels unable to safely offload and depart within 24 hours of threatening winds should seek an alternate port.,Vessels wishing to remain in port must obtain Captain of the Port permission and submit a written safe-mooring plan; vessels unable to safely offload and depart within 24 hours of threatening winds should seek an alternate port.,Ports and facilities remain open to all commercial traffic and all transfer operations may continue while Condition WHISKEY is in effect.
17,HELENE,2024,"Jacksonville, Fernandina, Canaveral",ZULU,9/25/2024 23:00,No vessels may enter or transit the ports without Captain-of-the-Port permission and all vessel movements are prohibited; mariners advised that ports are not safe havens and should keep vessel inventory at a minimum.,No vessels may enter or transit the ports without Captain-of-the-Port permission and all vessel movements are prohibited; mariners advised that ports are not safe havens and should keep vessel inventory at a minimum.,Facility preparations should already be complete; all waterfront operations are suspended except final safety actions authorized by the Captain of the Port.
18,HELENE,2024,"Tampa, Manatee, StPetersburg",ZULU,9/25/2024 12:00,No vessels may enter or transit the port without Captain of the Port permission; all vessel movements are prohibited.,No vessels may enter or transit the port without Captain of the Port permission; all vessel movements are prohibited.,All waterfront operations are suspended except final safety preparations authorized by the Captain of the Port; facility preparations should be complete and ports should minimize the number of vessels alongside.
19,HELENE,2024,"Savannah, Brunswick",YANKEE,9/25/2024 8:00,"Mariners are advised there are no safe havens in port; all vessels, barges and pleasure craft should plan to depart the port early and any vessel unable to off-load and depart at least 8 hours before threatening winds must seek an alternate port.","Mariners are advised there are no safe havens in port; all vessels, barges and pleasure craft should plan to depart the port early and any vessel unable to off-load and depart at least 8 hours before threatening winds must seek an alternate port.","Ports and waterfront facilities should keep the inventory of vessels at a minimum, implement hurricane preparedness actions, and monitor Coast Guard updates as sustained gale-force winds are possible within 24 hours."
20,HELENE,2024,"Jacksonville, Fernandina, Canaveral",YANKEE,9/25/2024 4:00,Mariners are reminded there are no safe havens at these facilities; ports are safest when the inventory of vessels is at a minimum and all vessels should be prepared to depart and stay off the water.,Mariners are reminded there are no safe havens at these facilities; ports are safest when the inventory of vessels is at a minimum and all vessels should be prepared to depart and stay off the water.,"Port Condition YANKEE is in effect; ports should begin storm preparations, secure facilities and waterfront areas, and monitor Coast Guard Homeport for further directions."
21,HELENE,2024,KeyWest,ZULU,9/25/2024 1:00,All vessel movements are prohibited; no vessels may enter or transit the port without permission of the Captain of the Port. Mariners are advised that the port offers no safe haven and the vessel inventory should be at a minimum.,All vessel movements are prohibited; no vessels may enter or transit the port without permission of the Captain of the Port. Mariners are advised that the port offers no safe haven and the vessel inventory should be at a minimum.,All waterfront operations are suspended except final safety preparations authorized by the Captain of the Port; facility storm preparations should now be complete.
22,HELENE,2024,"Tampa, Manatee, StPetersburg",YANKEE,9/25/2024 0:00,Vessels greater than 300 gross tons must depart the sector; vessels already safely moored or hauled out should disable EPIRBs to prevent false alerts; all barges and pleasure craft should plan to leave early before bridge closures.,Vessels greater than 300 gross tons must depart the sector; vessels already safely moored or hauled out should disable EPIRBs to prevent false alerts; all barges and pleasure craft should plan to leave early before bridge closures.,Facilities are reminded there are no safe havens; ports are safest when vessel inventory is at a minimum and should ensure vessels are reduced to the lowest number possible while monitoring Coast Guard Homeport for further updates.
23,HELENE,2024,"KeyWest, Marathon, KeyLargo, Islamorada",YANKEE,9/24/2024 8:00,"Vessels over 300 GT must depart; all vessels, barges and pleasure craft should plan to leave early, disable EPIRBs if safely moored or hauled out, and recognize no safe havens exist in port.","Vessels over 300 GT must depart; all vessels, barges and pleasure craft should plan to leave early, disable EPIRBs if safely moored or hauled out, and recognize no safe havens exist in port.","Ports and waterfront facilities should reduce the inventory of vessels alongside, prepare for 35–43 mph winds within 24 h, and implement safety measures as no safe havens are available."
24,NINE,2024,"KeyWest, Marathon, KeyLargo",X-RAY,9/23/2024 12:00,Vessels wishing to remain in port must obtain Captain of the Port approval and submit a written safe-mooring plan; vessels unable to offload and depart within 24 hours of threatening winds should seek an alternate port.,Vessels wishing to remain in port must obtain Captain of the Port approval and submit a written safe-mooring plan; vessels unable to offload and depart within 24 hours of threatening winds should seek an alternate port.,Ports and facilities remain open to all commercial traffic and all transfer operations may continue.
25,NINE,2024,"Tampa, Manatee, StPetersburg",X-RAY,9/23/2024 7:00,Vessels that want to stay in port must contact the Captain of the Port for approval and submit a written safe-mooring plan.,Vessels that want to stay in port must contact the Captain of the Port for approval and submit a written safe-mooring plan.,Ports and facilities remain open to all commercial traffic and transfer operations may continue while Port Condition X-RAY is in effect.
358,HONE,2024,['HAWAII'],ZULU,8/25/2024 1:53,,,
359,HONE,2024,"['OAHU', 'MAUI', 'HAWAII']",X-RAY,8/24/2024 19:46,,,
360,HONE,2024,['HAWAII'],WHISKEY,8/23/2024 1:23,,,
28,ERNESTO,2024,"SanJuan, Ponce, Mayaguez, Guayanilla, Yabucoa, Fajardo, Humacao, Arecibo, CharlotteAmalie, Christiansted, Frederiksted, CruzBay",ZULU,8/13/2024 10:00,No vessels may enter or transit within the ports without Captain-of-the-Port permission; all vessel movements are prohibited.,No vessels may enter or transit within the ports without Captain-of-the-Port permission; all vessel movements are prohibited.,"All waterfront operations are suspended; only final safety preparations authorized by the Captain of the Port may continue, and facility storm preparations should already be complete."
29,ERNESTO,2024,"['VIRGIN', 'PUERTO']",YANKEE,8/13/2024 17:10,,,
33,DEBBY,2024,"Tampa, StPetersburg, Manatee, Clearwater",ZULU,8/3/2024 12:00,No vessels may enter or transit the port without permission of the Captain of the Port; all vessel movements are prohibited and mariners are advised to keep the inventory of vessels in port to a minimum.,No vessels may enter or transit the port without permission of the Captain of the Port; all vessel movements are prohibited and mariners are advised to keep the inventory of vessels in port to a minimum.,Facility storm preparations should now be complete; all waterfront operations are shut down and ports and facilities must remain secured until Condition Zulu is lifted.
34,FOUR,2024,"Tampa, Manatee, StPetersburg",YANKEE,8/3/2024 0:00,"All ocean-going vessels, barges and pleasure craft should make plans to depart the port early to avoid bridge closures; mariners are reminded there are no safe havens in the facilities and ports are safest when the inventory of vessels is at a minimum. Vessels unable to offload and depart within 8 hours of threatening winds should seek an alternate port.","All ocean-going vessels, barges and pleasure craft should make plans to depart the port early to avoid bridge closures; mariners are reminded there are no safe havens in the facilities and ports are safest when the inventory of vessels is at a minimum. Vessels unable to offload and depart within 8 hours of threatening winds should seek an alternate port.",Minimize the number of vessels in port; ensure no safe-haven expectations are given; monitor Coast Guard Homeport site for further directives.
376,BERYL,2024,"Houston, Galveston, Freeport, TexasCity",ZULU,7/7/2024 21:00,All vessel transits within the safety zone are suspended unless specifically approved by the Captain of the Port or VTS; vessels still in port must be fully secured at their berths with AIS energized; any final repositioning must be coordinated with VTS and movements to safe refuge require prior approval.,All vessel transits within the safety zone are suspended unless specifically approved by the Captain of the Port or VTS; vessels still in port must be fully secured at their berths with AIS energized; any final repositioning must be coordinated with VTS and movements to safe refuge require prior approval.,"Ports and waterfront facilities must finalize storm preparations, cease all cargo and bunkering operations, suspend normal waterfront activities except COTP-approved safety work, maintain communication with the COTP/VTS, and promptly report any hazardous or unusual conditions."
377,BERYL,2024,"Houston, Galveston",YANKEE,7/7/2024 4:00,"Mariners are reminded there are no safe havens; under Condition Zulu no vessels may enter or transit the port and all vessel movements are prohibited; under Condition Yankee all vessels, barges and pleasure craft should plan to depart the port early to avoid bridge closures.","Mariners are reminded there are no safe havens; under Condition Zulu no vessels may enter or transit the port and all vessel movements are prohibited; under Condition Yankee all vessels, barges and pleasure craft should plan to depart the port early to avoid bridge closures.","Under Condition Zulu all waterfront operations are suspended except final safety preparations approved by the Captain of the Port, and facility preparations should be complete; ports are safest when the inventory of vessels is at a minimum."
36,FINN,2024,"Charleston, Georgetown",ZULU,1/9/2024 6:00,No vessels may enter or transit within the ports without the Captain of the Portʼs permission; all vessel movements are prohibited and mariners are reminded the facilities offer no safe havens.,No vessels may enter or transit within the ports without the Captain of the Portʼs permission; all vessel movements are prohibited and mariners are reminded the facilities offer no safe havens.,All waterfront operations are suspended; only final safety preparations approved by the COTP may continue and facility storm preparations should already be complete.
430,LEE,2023,"Portland, Searsport, Eastport, Portsmouth",X-RAY,9/14/2023 12:00,"All self-propelled vessels and barges over 500 GT (with tugs) must, no later than 12:00 PM on 15 Sep 2023, either report their intention to depart the Captain of the Port (COTP) Northern New England Zone or, if remaining, submit a Remaining-In-Port Checklist; all vessels entering or departing must keep their Notice of Arrival information updated; mariners should expect possible drawbridge restrictions and safety zones.","All self-propelled vessels and barges over 500 GT (with tugs) must, no later than 12:00 PM on 15 Sep 2023, either report their intention to depart the Captain of the Port (COTP) Northern New England Zone or, if remaining, submit a Remaining-In-Port Checklist; all vessels entering or departing must keep their Notice of Arrival information updated; mariners should expect possible drawbridge restrictions and safety zones.","Facilities are strongly encouraged to submit an MTS Recovery Facility Status Form, monitor weather forecasts, review heavy-weather plans, adjust transfer operations as necessary, and be prepared for possible safety zones or limited-access areas established by the COTP."
431,LEE,2023,"Narragansett, MountHope, BuzzardsBay, CapeCodBay, NewBedford",X-RAY,9/15/2023 0:00,"All self-propelled vessels and barges over 500 GT must immediately inform the Captain of the Port whether they will remain in port or depart. Pleasure craft and small craft, including paddle craft, are advised to seek safe harbor, secure their vessels, and avoid operating in expected strong winds and storm surge. Drawbridge openings may stop once high winds or evacuations begin.","All self-propelled vessels and barges over 500 GT must immediately inform the Captain of the Port whether they will remain in port or depart. Pleasure craft and small craft, including paddle craft, are advised to seek safe harbor, secure their vessels, and avoid operating in expected strong winds and storm surge. Drawbridge openings may stop once high winds or evacuations begin.","Ports remain open but must begin preparatory measures. Port managers, harbormasters, and marina managers must advise the Coast Guard when facilities approach capacity for sheltering vessels. Facilities should be ready for potential restrictions on transfer operations, rescinded marine-event permits, and directed vessel movements. Drawbridge and hurricane barrier operations may be suspended during high winds, and waterfront facilities should remove or secure loose equipment and hazardous materials."
432,LEE,2023,[],X-RAY,9/15/2023 12:44,,,
433,LEE,2023,"Providence, Narragansett, MountHope, Buzzards, CapeCod",WHISKEY,9/13/2023 5:00,"All self-propelled vessels and barges over 500 GT must immediately notify the Captain of the Port of their intention to remain or depart; pleasure craft should seek safe harbor; all small craft owners should avoid operating in adverse conditions, secure their craft well away from waterways, double up mooring lines and remove hazardous materials.","All self-propelled vessels and barges over 500 GT must immediately notify the Captain of the Port of their intention to remain or depart; pleasure craft should seek safe harbor; all small craft owners should avoid operating in adverse conditions, secure their craft well away from waterways, double up mooring lines and remove hazardous materials.","Ports remain open to commerce but facility operators may be directed to terminate lightering or cargo transfer operations, rescind permits for marine events, and control vessel arrivals/departures; port managers, harbormasters, and marina managers must advise the Coast Guard when their facilities are nearing capacity for sheltered vessels; drawbridges and hurricane barriers may cease operations once high winds or evacuations begin."
39,LEE,2023,"SanJuan, Ponce, Mayaguez, Fajardo, Guayama, Arecibo, Guayanilla, Yabucoa, Vieques, Culebra, CharlotteAmalie, Christiansted, Frederiksted",X-RAY,9/8/2023 5:00,Vessels that wish to remain in port must request permission from the Captain of the Port and submit a written safe-mooring plan; vessels unable to safely offload and depart within 24 h of threatening winds should seek an alternate port.,Vessels that wish to remain in port must request permission from the Captain of the Port and submit a written safe-mooring plan; vessels unable to safely offload and depart within 24 h of threatening winds should seek an alternate port.,Ports and facilities remain open to all commercial traffic and transfer operations may continue while Port Condition X-Ray is in effect.
40,LEE,2023,"Arecibo, Ceiba, Culebra, Fajardo, Guanica, Guayama, LasMareas, Guayanilla, Mayaguez, Ponce, Salinas, Aguirre, SanJuan, StJohn, StThomas, StCroix, Tallaboa, Vieques, Yabucoa",WHISKEY,9/6/2023 10:00,All vessels that wish to remain in port must obtain Captain-of-the-Port approval and submit a written safe-mooring plan prior to Port Condition X-Ray.,All vessels that wish to remain in port must obtain Captain-of-the-Port approval and submit a written safe-mooring plan prior to Port Condition X-Ray.,Ports and facilities remain OPEN to all commercial traffic and cargo/transfer operations may continue while Port Condition WHISKEY is in effect.
41,LEE,2023,"['PUERTO', 'VIRGINS']",WHISKEY,9/6/2023 17:45,,,
387,IDALIA,2023,['MOREHEAD'],ZULU,8/30/2023 23:02,,,
388,IDALIA,2023,['WILMINGTON'],ZULU,8/30/2023 20:14,,,
44,IDALIA,2023,"Charleston, Georgetown, PortRoyal",ZULU,8/30/2023 4:00,No vessels may enter or transit within the ports without permission of the Captain of the Port; all vessel movements are prohibited.,No vessels may enter or transit within the ports without permission of the Captain of the Port; all vessel movements are prohibited.,All waterfront operations are suspended except final preparations authorized by the Captain of the Port; facility storm preparations should now be complete.
45,IDALIA,2023,"Savannah, Brunswick",ZULU,8/29/2023 13:00,No vessels may enter or transit within the ports without permission of the Captain of the Port; all vessel movements are prohibited.,No vessels may enter or transit within the ports without permission of the Captain of the Port; all vessel movements are prohibited.,All waterfront operations are suspended except final safety preparations authorized by the Captain of the Port; facility preparations should be completed.
46,IDALIA,2023,"Jacksonville, Fernandina, Canaveral",ZULU,8/29/2023 13:00,No vessels may enter or transit within the ports without permission of the Captain of the Port; all vessel movements are prohibited and mariners are advised that there are no safe havens in these facilities.,No vessels may enter or transit within the ports without permission of the Captain of the Port; all vessel movements are prohibited and mariners are advised that there are no safe havens in these facilities.,All waterfront operations are suspended except for final safety preparations authorized by the Captain of the Port; facility storm preparations should now be completed.
47,IDALIA,2023,"Charleston, Georgetown",YANKEE,8/29/2023 12:00,Mariners are advised that no safe havens exist in the port; ports are safest when the inventory of vessels is at a minimum. All vessels should plan to depart early or seek alternate harbors if they cannot clear the port at least 8 hours before the onset of tropical-storm-force winds.,Mariners are advised that no safe havens exist in the port; ports are safest when the inventory of vessels is at a minimum. All vessels should plan to depart early or seek alternate harbors if they cannot clear the port at least 8 hours before the onset of tropical-storm-force winds.,"Port facilities should continue storm preparations, secure equipment and cargo, and reduce on-site vessel inventory; monitor Coast Guard Homeport for additional directives."
48,IDALIA,2023,"Jacksonville, Fernandina, Canaveral",YANKEE,8/29/2023 5:00,"Mariners are advised that ports offer no safe havens; all vessels, including barges and pleasure craft, should plan to depart the port early to keep vessel inventory to a minimum and avoid bridge closures.","Mariners are advised that ports offer no safe havens; all vessels, including barges and pleasure craft, should plan to depart the port early to keep vessel inventory to a minimum and avoid bridge closures.","Ports and facilities should reduce the number of vessels in port to a minimum, provide no refuge for vessels, and continue monitoring Coast Guard directives and Homeport notices for further restrictions."
49,IDALIA,2023,"Savannah, Brunswick",YANKEE,8/29/2023 3:00,"Mariners are reminded there are no safe havens in port; ports are safest when the inventory of vessels is at a minimum, and all vessels, barges and pleasure craft should plan to depart the port early to avoid bridge closures.","Mariners are reminded there are no safe havens in port; ports are safest when the inventory of vessels is at a minimum, and all vessels, barges and pleasure craft should plan to depart the port early to avoid bridge closures.","Port Condition Yankee is in effect; facilities should anticipate sustained winds within 24 hours, reduce vessel inventory, secure operations, stay off the water, secure belongings, and be prepared for evacuation and coastal flooding."
50,IDALIA,2023,"Tampa, Manatee, StPetersburg",ZULU,8/29/2023 0:00,No vessels may enter or transit within the ports without the permission of the Captain of the Port; all vessel movements are prohibited.,No vessels may enter or transit within the ports without the permission of the Captain of the Port; all vessel movements are prohibited.,All waterfront operations are suspended; facility preparations should be completed.
51,IDALIA,2023,"Charleston, Georgetown",X-RAY,8/28/2023 12:00,"Vessels that wish to remain in port must request permission from the Captain of the Port and submit a written safe-mooring plan; vessels unable to offload and depart South Carolina, Georgia, or Florida ports at least 24 hours before threatening winds should divert to an alternate port.","Vessels that wish to remain in port must request permission from the Captain of the Port and submit a written safe-mooring plan; vessels unable to offload and depart South Carolina, Georgia, or Florida ports at least 24 hours before threatening winds should divert to an alternate port.",Ports and facilities remain open to all commercial traffic and all cargo-transfer operations may continue while Port Condition X-RAY is in effect.
52,IDALIA,2023,"KeyWest, Marathon",YANKEE,8/28/2023 10:00,"All vessels, including barges and pleasure craft, should make plans to depart the port early to avoid bridge closures; mariners are reminded there are no safe havens and must secure vessels against storm surge.","All vessels, including barges and pleasure craft, should make plans to depart the port early to avoid bridge closures; mariners are reminded there are no safe havens and must secure vessels against storm surge.",Ports and facilities should reduce the number of vessels in port to a minimum and prepare for sustained 35–43 mph winds expected within 24 hours.
53,IDALIA,2023,"Savannah, Brunswick",X-RAY,8/28/2023 7:00,Vessels wishing to remain in port must obtain Captain of the Port permission and submit a written safe-mooring plan.,Vessels wishing to remain in port must obtain Captain of the Port permission and submit a written safe-mooring plan.,Ports and facilities are open to all commercial traffic and may continue all transfer operations while Condition X-Ray is in effect.
54,IDALIA,2023,KeyWest,X-RAY,8/28/2023 4:00,"Vessels wishing to remain must request permission from the Captain of the Port and submit a written safe-mooring plan; vessels bound for SC, GA or FL that cannot depart within 24 h of hazardous winds should seek an alternate port.","Vessels wishing to remain must request permission from the Captain of the Port and submit a written safe-mooring plan; vessels bound for SC, GA or FL that cannot depart within 24 h of hazardous winds should seek an alternate port.",Ports and facilities remain open to all commercial traffic and transfer operations may continue while Condition X-Ray is in effect.
55,IDALIA,2023,"Jacksonville, Fernandina, Canaveral",X-RAY,8/28/2023 4:00,"Vessels wishing to remain in port must obtain Captain-of-the-Port approval and submit a written safe-mooring plan; vessels bound for South Carolina, Georgia or Florida that cannot offload and depart at least 24 hours before hazardous winds should seek an alternate port.","Vessels wishing to remain in port must obtain Captain-of-the-Port approval and submit a written safe-mooring plan; vessels bound for South Carolina, Georgia or Florida that cannot offload and depart at least 24 hours before hazardous winds should seek an alternate port.",Ports and facilities are open to all commercial traffic and cargo transfer operations may continue while Port Condition X-RAY is in effect.
56,IDALIA,2023,"Tampa, Manatee, StPetersburg",YANKEE,8/28/2023 3:00,"All ocean-going vessels, barges and pleasure craft should plan to depart the port early to avoid bridge closures; mariners are reminded there are no safe havens and ports are safest when vessel inventory is at a minimum; vessels bound for SC, GA or FL that cannot safely offload and depart within 8 hours of threatening winds should seek an alternate port.","All ocean-going vessels, barges and pleasure craft should plan to depart the port early to avoid bridge closures; mariners are reminded there are no safe havens and ports are safest when vessel inventory is at a minimum; vessels bound for SC, GA or FL that cannot safely offload and depart within 8 hours of threatening winds should seek an alternate port.","Ports and facilities should minimize vessel inventory, emphasize that no safe havens exist, and secure the area for sustained winds of 35–43 mph expected within 24 hours."
57,IDALIA,2023,Charleston,WHISKEY,8/28/2023 2:00,"Vessels wishing to remain in port must request permission from the Captain of the Port and submit a written safe-mooring plan; vessels bound for South Carolina, Georgia, or Florida that cannot offload and depart at least 24 hours before threatening winds should seek an alternate port.","Vessels wishing to remain in port must request permission from the Captain of the Port and submit a written safe-mooring plan; vessels bound for South Carolina, Georgia, or Florida that cannot offload and depart at least 24 hours before threatening winds should seek an alternate port.",Ports and facilities remain open to all commercial traffic and transfer operations may continue while Port Condition WHISKEY is in effect.
58,IDALIA,2023,"Savannah, Brunswick",WHISKEY,8/28/2023 2:00,"Vessels that wish to remain in port must obtain permission from the Captain of the Port and submit a written safe-mooring plan; vessels bound for South Carolina, Georgia or Florida that cannot safely off-load and depart within 24 hours of threatening winds should divert to an alternate port.","Vessels that wish to remain in port must obtain permission from the Captain of the Port and submit a written safe-mooring plan; vessels bound for South Carolina, Georgia or Florida that cannot safely off-load and depart within 24 hours of threatening winds should divert to an alternate port.",Ports and facilities are open to all commercial traffic and cargo/transfer operations may continue while Condition WHISKEY is in effect.
59,IDALIA,2023,"Canaveral, Jacksonville",WHISKEY,8/28/2023 2:00,Vessels wishing to remain in port must request permission from the Captain of the Port and submit a written safe-mooring plan; vessels that cannot offload and depart within 24 h of threatening winds should seek an alternate port.,Vessels wishing to remain in port must request permission from the Captain of the Port and submit a written safe-mooring plan; vessels that cannot offload and depart within 24 h of threatening winds should seek an alternate port.,Ports and facilities remain open to all commercial traffic and transfer operations may continue while Condition WHISKEY is in effect.
60,IDALIA,2023,"Tampa, Manatee, StPetersburg",WHISKEY,8/27/2023 5:00,Vessels wishing to remain in port must request permission from the Captain of the Port and submit a written safe-mooring plan.,Vessels wishing to remain in port must request permission from the Captain of the Port and submit a written safe-mooring plan.,Ports and facilities remain open to all commercial traffic and transfer operations may continue while Condition WHISKEY is in effect.
61,FRANKLIN,2023,,WHISKEY,8/22/2023 9:00,Vessels wishing to remain in port must request permission from the Captain of the Port and submit a written safe-mooring plan.,Vessels wishing to remain in port must request permission from the Captain of the Port and submit a written safe-mooring plan.,Ports and facilities remain open to all commercial traffic and transfer operations may continue while Port Condition WHISKEY is in effect.
62,FRANKLIN,2023,"['PUERTO', 'VIRGINS']",WHISKEY,8/22/2023 21:54,,,
361,HAWAII,2023,[],WHISKEY,7/20/2023 0:17,,,
362,CALVIN,2023,"Hilo, Kawaihae",X-RAY,7/17/2023 17:00,,,
63,BRET,2023,,WHISKEY,6/21/2023 4:00,"Vessels wishing to remain in port must contact the Captain of the Port for permission and submit a written safe-mooring plan. Vessels bound for Puerto Rico, the U.S. Virgin Islands, or Florida that cannot safely offload and depart at least 24 hours before threatening winds arrive should divert to an alternate port.","Vessels wishing to remain in port must contact the Captain of the Port for permission and submit a written safe-mooring plan. Vessels bound for Puerto Rico, the U.S. Virgin Islands, or Florida that cannot safely offload and depart at least 24 hours before threatening winds arrive should divert to an alternate port.","Ports and facilities remain open to all commercial traffic, and all cargo transfer operations may continue while Port Condition WHISKEY is in effect."
64,BRET,2023,['SANJUAN'],WHISKEY,6/21/2023 16:49,,,
219,BRET,2023,"['VIRGIN', 'PUERTO']",WHISKEY,6/21/2023 16:00,,,
220,BRET,2023,"['VIRGIN', 'PUERTO']",WHISKEY,6/21/2023 16:00,,,
65,NICOLE,2022,"Hillsborough, Tampa, StPetersburg, Manatee, Sarasota, Charlotte, FortMyers",ZULU,11/9/2022 13:00,All vessel movements are prohibited; no vessel may enter or transit the port without permission of the Captain of the Port; mariners are reminded ports offer no safe haven and vessel inventory should be at a minimum.,All vessel movements are prohibited; no vessel may enter or transit the port without permission of the Captain of the Port; mariners are reminded ports offer no safe haven and vessel inventory should be at a minimum.,All waterfront operations are suspended except final safety preparations approved by the Captain of the Port; facility storm preparations should be complete.
66,NICOLE,2022,Canaveral,YANKEE,11/8/2022 13:00,"All vessels, barges and pleasure craft must begin plans to depart the port early so they are not blocked by bridge closures; mariners are reminded there are no safe havens in the port and inventory of vessels should be kept to a minimum; vessels unable to depart at least 8 h before the onset of threatening winds should seek an alternate port.","All vessels, barges and pleasure craft must begin plans to depart the port early so they are not blocked by bridge closures; mariners are reminded there are no safe havens in the port and inventory of vessels should be kept to a minimum; vessels unable to depart at least 8 h before the onset of threatening winds should seek an alternate port.","Ports and facilities should reduce the number of vessels alongside, ensure there are no vessels seeking refuge, and secure waterfront areas for expected sustained winds of 35–43 mph within 24 h."
67,NICOLE,2022,Charleston,XRAY,11/8/2022 7:00,Vessels wishing to remain in port must obtain Captain-of-the-Port permission and submit a written safe-mooring plan; vessels unable to offload and depart at least 24 h before threatening winds should divert to an alternate port.,Vessels wishing to remain in port must obtain Captain-of-the-Port permission and submit a written safe-mooring plan; vessels unable to offload and depart at least 24 h before threatening winds should divert to an alternate port.,Ports and facilities remain open to all commercial traffic and transfer operations may continue.
68,NICOLE,2022,"Fernandina, Jacksonville",XRAY,11/8/2022 5:00,Vessels wishing to remain in port must obtain Captain-of-the-Port permission and submit a written safe-mooring plan; vessels unable to safely off-load and depart within 24 h of threatening winds should seek an alternate port.,Vessels wishing to remain in port must obtain Captain-of-the-Port permission and submit a written safe-mooring plan; vessels unable to safely off-load and depart within 24 h of threatening winds should seek an alternate port.,Ports and facilities remain open to all commercial traffic and transfer operations may continue under Condition XRAY.
69,NICOLE,2022,Miami,YANKEE,11/8/2022 8:00,"All ocean-going vessels, barges and pleasure craft should plan to depart the port early to avoid bridge closures; mariners are reminded there are no safe havens and ports are safest when vessel inventory is at a minimum.","All ocean-going vessels, barges and pleasure craft should plan to depart the port early to avoid bridge closures; mariners are reminded there are no safe havens and ports are safest when vessel inventory is at a minimum.","Ports and facilities should minimize the number of vessels in port, prepare for drawbridge closures by 20:00, and ensure readiness for sustained winds within 24 hours."
70,NICOLE,2022,"Jacksonville, Canaveral",XRAY,11/8/2022 1:00,Vessels that wish to remain in port must obtain Captain of the Port permission and submit a written safe-mooring plan; vessels unable to off-load and depart within 24 hours of the arrival of threatening winds should seek an alternate port.,Vessels that wish to remain in port must obtain Captain of the Port permission and submit a written safe-mooring plan; vessels unable to off-load and depart within 24 hours of the arrival of threatening winds should seek an alternate port.,Ports and facilities are open to all commercial traffic and all cargo transfer operations may continue.
71,NICOLE,2022,Miami,XRAY,11/7/2022 20:00,"Vessels desiring to remain in port must request permission from the Captain of the Port, provide a written safe-mooring plan, secure for storm surge and rising tides, and vessels unable to offload and depart within 24 h of threatening winds should divert to alternate ports.","Vessels desiring to remain in port must request permission from the Captain of the Port, provide a written safe-mooring plan, secure for storm surge and rising tides, and vessels unable to offload and depart within 24 h of threatening winds should divert to alternate ports.",Ports and facilities are open to commercial traffic and transfer operations may continue at this time.
72,NICOLE,2022,"Fernandina, Jacksonville, Canaveral",WHISKEY,11/7/2022 9:00,Vessels wishing to remain in port must request permission from the Captain of the Port and submit a written safe-mooring plan; vessels unable to offload and depart within 24 h of threatening winds should seek an alternate port.,Vessels wishing to remain in port must request permission from the Captain of the Port and submit a written safe-mooring plan; vessels unable to offload and depart within 24 h of threatening winds should seek an alternate port.,Ports and facilities remain open to all commercial traffic and all cargo-transfer operations may continue while Condition WHISKEY is in effect.
73,NICOLE,2022,"Miami, Everglades, PalmBeach",WHISKEY,11/7/2022 8:00,Vessels that want to stay in port must obtain Captain-of-the-Port permission and submit a written safe-mooring plan; vessels unable to off-load and depart at least 24 h before hazardous winds should divert to another port.,Vessels that want to stay in port must obtain Captain-of-the-Port permission and submit a written safe-mooring plan; vessels unable to off-load and depart at least 24 h before hazardous winds should divert to another port.,Ports and facilities remain open to all commercial traffic and may continue all transfer operations while Condition WHISKEY is in effect.
75,IAN,2022,Charleston,ZULU,9/29/2022 6:00,No vessels may enter or transit within the port without permission of the Captain of the Port; all vessel movements are prohibited.,No vessels may enter or transit within the port without permission of the Captain of the Port; all vessel movements are prohibited.,All waterfront operations are suspended except final preparations permitted by the Captain of the Port; facility storm preparations should be completed.
76,IAN,2022,"Jacksonville, Fernandina",ZULU,9/28/2022 5:00,No vessels may enter or transit the port without Captain-of-the-Port permission and all vessel movements are prohibited; mariners are reminded there are no safe havens and ports are safest when the vessel inventory is at a minimum.,No vessels may enter or transit the port without Captain-of-the-Port permission and all vessel movements are prohibited; mariners are reminded there are no safe havens and ports are safest when the vessel inventory is at a minimum.,All waterfront cargo and terminal operations are suspended except final safety preparations authorized by the Captain of the Port; facility preparations should now be complete to ensure the safety of the ports and facilities.
77,IAN,2022,"Jacksonville, Canaveral",ZULU,9/27/2022 23:00,No vessels may enter or transit within the port without permission of the Captain of the Port; all vessel movements are prohibited.,No vessels may enter or transit within the port without permission of the Captain of the Port; all vessel movements are prohibited.,All waterfront operations are suspended except final safety preparations; facility preparations should be completed.
78,IAN,2022,"Jacksonville, Canaveral",YANKEE,9/27/2022 5:00,"Mariners are advised that there are no safe havens in port; all ocean-going vessels, barges and pleasure craft should plan to depart early to avoid bridge closures and keep the number of vessels in port to a minimum.","Mariners are advised that there are no safe havens in port; all ocean-going vessels, barges and pleasure craft should plan to depart early to avoid bridge closures and keep the number of vessels in port to a minimum.","Ports and waterfront facilities should continue storm preparations, ensure the inventory of vessels is minimized, and remind users that the facilities do not provide safe haven during the storm."
79,IAN,2022,"KeyWest, Marathon",ZULU,9/26/2022 14:00,No vessels may enter or transit within the ports without permission of the Captain of the Port; all vessel movements are prohibited and mariners should complete final safety preparations.,No vessels may enter or transit within the ports without permission of the Captain of the Port; all vessel movements are prohibited and mariners should complete final safety preparations.,"All waterfront operations are suspended; only final storm-safety preparations authorized by the Captain of the Port may continue, and facility preparations should now be complete."
80,IAN,2022,"Jacksonville, Canaveral",X-RAY,9/26/2022 9:00,Vessels wishing to remain in port must request permission from the Captain of the Port and submit a written safe-mooring plan; vessels unable to offload and depart within 24 hours of threatening winds should seek an alternate port.,Vessels wishing to remain in port must request permission from the Captain of the Port and submit a written safe-mooring plan; vessels unable to offload and depart within 24 hours of threatening winds should seek an alternate port.,Ports and facilities remain open to all commercial traffic and transfer operations may continue.
81,IAN,2022,"['TAMPA', 'BAY']",YANKEE,9/26/2022 20:20,,,
82,IAN,2022,KeyWest,YANKEE,9/26/2022 2:00,Mariners are reminded there are no safe havens in these facilities and ports are safest when the inventory of vessels is at a minimum; all vessels should be prepared to depart and stay clear of the water.,Mariners are reminded there are no safe havens in these facilities and ports are safest when the inventory of vessels is at a minimum; all vessels should be prepared to depart and stay clear of the water.,"Reduce vessel inventory to a minimum, recognize there are no safe havens within the port, and prepare facilities for possible closure and evacuation as necessary."
83,IAN,2022,"Tampa, Manatee, StPetersburg",X-RAY,9/25/2022 2:00,"Vessels wishing to remain in port must obtain Captain-of-the-Port permission and provide a written safe-mooring plan; vessels bound for South Carolina, Georgia or Florida that cannot offload and depart at least 24 h before hazardous winds should seek an alternate port.","Vessels wishing to remain in port must obtain Captain-of-the-Port permission and provide a written safe-mooring plan; vessels bound for South Carolina, Georgia or Florida that cannot offload and depart at least 24 h before hazardous winds should seek an alternate port.",Ports and facilities are open to all commercial traffic and all transfer operations may continue while Condition X-RAY is in effect.
84,IAN,2022,Miami,X-RAY,9/24/2022 12:00,Vessels wishing to remain in port must request permission from the Captain of the Port and submit a written safe-mooring plan; vessels unable to offload and depart within 24 h of threatening winds should seek an alternate port.,Vessels wishing to remain in port must request permission from the Captain of the Port and submit a written safe-mooring plan; vessels unable to offload and depart within 24 h of threatening winds should seek an alternate port.,Ports and facilities remain open to all commercial traffic and transfer operations may continue while this condition is in effect.
85,IAN,2022,"Jacksonville, Fernandina",WHISKEY,9/24/2022 12:00,"Vessels wishing to remain in port must request permission from the Captain of the Port and submit a written safe-mooring plan; vessels bound for South Carolina, Georgia, or Florida that cannot offload and depart within 24 hours of threatening winds should seek an alternate port.","Vessels wishing to remain in port must request permission from the Captain of the Port and submit a written safe-mooring plan; vessels bound for South Carolina, Georgia, or Florida that cannot offload and depart within 24 hours of threatening winds should seek an alternate port.",Ports and facilities remain open to all commercial traffic and all transfer operations may continue while Condition WHISKEY is in effect.
86,IAN,2022,KeyWest,X-RAY,9/24/2022 9:00,"Vessels wishing to remain in port must obtain permission from the Captain of the Port and submit a written safe-mooring plan. Vessels bound for South Carolina, Georgia or Florida that cannot off-load and depart within 24 hours of threatening winds should seek an alternate port.","Vessels wishing to remain in port must obtain permission from the Captain of the Port and submit a written safe-mooring plan. Vessels bound for South Carolina, Georgia or Florida that cannot off-load and depart within 24 hours of threatening winds should seek an alternate port.",Ports and facilities are open to all commercial traffic and all transfer operations may continue.
87,IAN,2022,"Tampa, Manatee, StPetersburg",WHISKEY,9/24/2022 7:00,Vessels wishing to remain in port must obtain Captain of the Port permission and submit a written safe-mooring plan; vessels unable to offload and depart within 24 hours of threatening winds should divert to an alternate port.,Vessels wishing to remain in port must obtain Captain of the Port permission and submit a written safe-mooring plan; vessels unable to offload and depart within 24 hours of threatening winds should divert to an alternate port.,Ports and facilities are open to all commercial traffic and transfer operations may continue while Condition WHISKEY is in effect.
88,IAN,2022,Canaveral,WHISKEY,9/24/2022 5:00,Vessels wishing to remain in port must request permission from the Captain of the Port and submit a written safe-mooring plan; vessels unable to safely offload and depart within 24 hours before the arrival of threatening winds should seek an alternate port.,Vessels wishing to remain in port must request permission from the Captain of the Port and submit a written safe-mooring plan; vessels unable to safely offload and depart within 24 hours before the arrival of threatening winds should seek an alternate port.,Ports and facilities are open to all commercial traffic and all transfer operations may continue while Port Condition WHISKEY remains in effect.
89,NINE,2022,"Miami, Everglades, PalmBeach, FortPierce",WHISKEY,9/24/2022 4:00,Vessels wishing to remain in port must request permission from the Captain of the Port and submit a written safe-mooring plan; vessels unable to safely offload and depart within 24 hours of threatening winds should seek an alternate port.,Vessels wishing to remain in port must request permission from the Captain of the Port and submit a written safe-mooring plan; vessels unable to safely offload and depart within 24 hours of threatening winds should seek an alternate port.,Ports and facilities remain open to all commercial traffic and transfer operations may continue while Condition WHISKEY is in effect.
90,NINE,2022,KeyWest,WHISKEY,9/23/2022 7:00,Vessels wishing to remain in port must request permission from the Captain of the Port and submit a written safe-mooring plan.,Vessels wishing to remain in port must request permission from the Captain of the Port and submit a written safe-mooring plan.,Ports and facilities remain open to all commercial traffic and all transfer operations may continue while Port Condition WHISKEY is in effect.
92,NINE,2022,,ZULU,9/17/2022 12:56,,,
93,NINE,2022,"['VIRGIN', 'PUERTO']",YANKEE,9/16/2022 16:18,,,
94,COLIN,2022,"Georgetown, Charleston",WHISKEY,7/2/2022 5:00,"Vessels that wish to remain in port must obtain permission from the Captain of the Port and submit a written safe-mooring plan; vessels bound for South Carolina, Georgia, or Florida that cannot safely offload and depart at least 24 hours before hazardous winds should divert to an alternate port.","Vessels that wish to remain in port must obtain permission from the Captain of the Port and submit a written safe-mooring plan; vessels bound for South Carolina, Georgia, or Florida that cannot safely offload and depart at least 24 hours before hazardous winds should divert to an alternate port.",Ports and facilities remain open to all commercial traffic; all cargo transfer operations may continue while Condition WHISKEY is in effect.
95,MILTON,2022,"StPetersburg, Miami, KeyWest",WHISKEY,6/3/2022 6:00,Vessels wishing to remain in port must obtain permission from the Captain of the Port and submit a written safe-mooring plan; vessels unable to off-load and depart at least 24 hours before threatening winds should divert to an alternate port.,Vessels wishing to remain in port must obtain permission from the Captain of the Port and submit a written safe-mooring plan; vessels unable to off-load and depart at least 24 hours before threatening winds should divert to an alternate port.,Ports and facilities are open to all commercial traffic and may continue all transfer operations while Condition WHISKEY remains in effect.
96,MILTON,2022,"['KEY', 'ST.', 'MIAMI']",WHISKEY,6/3/2022 18:46,,,
97,IDA,2021,KeyWest,YANKEE,8/27/2021 0:00,"All ocean-going vessels, barges and pleasure craft should make plans to depart the port early to avoid bridge closures; mariners reminded there are no safe havens and ports are safest when vessel inventory is minimal.","All ocean-going vessels, barges and pleasure craft should make plans to depart the port early to avoid bridge closures; mariners reminded there are no safe havens and ports are safest when vessel inventory is minimal.","Facilities should reduce the number of vessels in port; no safe-haven berths are available, and port users should stay off the water, secure belongings and monitor Coast Guard Homeport for updates."
434,HENRI,2021,['NEWENGLAND'],ZULU,8/22/2021 0:25,,,
435,HENRI,2021,['NEWENGLAND'],YANKEE,8/20/2021 20:40,,,
436,HENRI,2021,"['NEW', 'ENGLAND']",X-RAY,8/20/2021 19:28,,,
437,HENRI,2021,"['NEW', 'ENGLAND']",X-RAY,8/20/2021 15:35,,,
98,FRED,2021,KeyWest,ZULU,8/13/2021 13:00,All vessel movements are prohibited; no vessels may enter or transit the port without permission of the Captain of the Port.,All vessel movements are prohibited; no vessels may enter or transit the port without permission of the Captain of the Port.,All waterfront operations are suspended except final preparations permitted by the Captain of the Port; facility storm preparations should be completed.
99,FRED,2021,,YANKEE,8/13/2021 14:12,,,
100,FRED,2021,StPetersburg,XRAY,8/13/2021 1:00,,,
101,FRED,2021,"Miami, Everglades",WHISKEY,8/11/2021 4:00,"Vessels wishing to remain in port must obtain Captain-of-the-Port permission and provide a written safe-mooring plan; vessels bound for South Carolina, Georgia or Florida that cannot safely offload and depart at least 24 hours before threatening winds should divert to an alternate port.","Vessels wishing to remain in port must obtain Captain-of-the-Port permission and provide a written safe-mooring plan; vessels bound for South Carolina, Georgia or Florida that cannot safely offload and depart at least 24 hours before threatening winds should divert to an alternate port.",Ports and facilities are open to all commercial traffic and may continue all transfer operations while Condition WHISKEY is in effect.
102,FRED,2021,,XRAY,8/11/2021 15:23,,,
103,FRED,2021,KeyWest,WHISKEY,8/11/2021 1:00,Vessels wishing to remain in port must obtain Captain-of-the-Port permission and submit a written safe-mooring plan.,Vessels wishing to remain in port must obtain Captain-of-the-Port permission and submit a written safe-mooring plan.,Ports and facilities remain open to all commercial traffic and transfer operations may continue while Port Condition WHISKEY is in effect.
104,ELSA,2021,"Jacksonville, Fernandina",YANKEE,7/6/2021 12:00,"All ocean-going vessels, barges and pleasure craft should plan to depart the port early and are advised to leave before bridges are closed; mariners are reminded there are no safe havens in port and vessel inventory should be kept to a minimum.","All ocean-going vessels, barges and pleasure craft should plan to depart the port early and are advised to leave before bridges are closed; mariners are reminded there are no safe havens in port and vessel inventory should be kept to a minimum.","Ports and facilities should continue Port Condition YANKEE preparations, ensuring the number of vessels in port is minimized and storm plans are executed."
105,ELSA,2021,"Tampa, Manatee, StPetersburg",ZULU,7/5/2021 14:00,No vessels may enter or transit the ports without the Captain of the Port’s permission; all vessel movements are prohibited and mariners are advised that ports offer no safe havens.,No vessels may enter or transit the ports without the Captain of the Port’s permission; all vessel movements are prohibited and mariners are advised that ports offer no safe havens.,All waterfront operations are suspended except final safety preparations approved by the Captain of the Port; facility storm preparations should already be complete.
106,ELSA,2021,"Tampa, Manatee, StPetersburg",YANKEE,7/5/2021 6:00,"Mariners are advised that there are no safe havens within these facilities; all vessels, barges and pleasure craft should make plans to depart the port and leave early to avoid bridge closures.","Mariners are advised that there are no safe havens within these facilities; all vessels, barges and pleasure craft should make plans to depart the port and leave early to avoid bridge closures.","Ports and facilities should minimize the number of vessels in port, recognize that no safe havens are available, and continue to monitor Coast Guard Homeport for detailed guidance."
107,ELSA,2021,"['KEY', 'WEST']",YANKEE,7/4/2021 13:31,,,
108,ELSA,2021,"Miami, KeyWest",X-RAY,7/3/2021 4:00,Vessels wishing to remain in port must request permission from the Captain of the Port and submit a written safe-mooring plan; vessels unable to offload and depart within 24 hours of the arrival of hazardous winds should seek an alternate port.,Vessels wishing to remain in port must request permission from the Captain of the Port and submit a written safe-mooring plan; vessels unable to offload and depart within 24 hours of the arrival of hazardous winds should seek an alternate port.,Ports and facilities remain open to all commercial traffic and all cargo transfer operations may continue.
109,ELSA,2021,Tampa,X-RAY,7/3/2021 4:00,"Vessels that wish to remain in port must request permission from the Captain of the Port and submit a written safe-mooring plan; all vessels, including barges and pleasure craft, should prepare to depart the port or seek safe harbor, and vessels unable to off-load and depart within 24 hours of threatening winds should seek an alternate port.","Vessels that wish to remain in port must request permission from the Captain of the Port and submit a written safe-mooring plan; all vessels, including barges and pleasure craft, should prepare to depart the port or seek safe harbor, and vessels unable to off-load and depart within 24 hours of threatening winds should seek an alternate port.",Ports and facilities remain open to all commercial traffic and cargo-transfer operations may continue while Port Condition X-RAY is in effect.
110,ELSA,2021,['TAMPA'],WHISKEY,7/2/2021 15:14,,,
111,ELSA,2021,"Miami, KeyWest",WHISKEY,7/2/2021 0:00,"Vessels wishing to remain must contact the Captain of the Port, obtain permission, and submit a written safe-mooring plan; drawbridges may not operate once sustained winds reach 25 mph or during an evacuation; vessels bound for South Carolina, Georgia, or Florida that cannot offload and depart within 24 hours before threatening winds should seek an alternate port.","Vessels wishing to remain must contact the Captain of the Port, obtain permission, and submit a written safe-mooring plan; drawbridges may not operate once sustained winds reach 25 mph or during an evacuation; vessels bound for South Carolina, Georgia, or Florida that cannot offload and depart within 24 hours before threatening winds should seek an alternate port.",Ports and facilities remain open to all commercial traffic and transfer operations may continue while Port Condition WHISKEY is in effect.
385,ELSA,2021,['SanJuan'],X-RAY,7/1/2021 20:31,,,
112,ETA,2020,Tampa,ZULU,11/11/2020 8:00,All vessel movements within the port are prohibited and the port is closed to traffic.,All vessel movements within the port are prohibited and the port is closed to traffic.,Port facilities are closed; cargo operations are suspended and facilities must secure equipment and prepare for hurricane-force winds.
386,ETA,2020,['TAMPA'],YANKEE,11/11/2020 12:25,,,
114,ETA,2020,['KEYWEST'],ZULU,11/9/2020 18:41,,,
115,ETA,2020,['TAMPA'],YANKEE,11/8/2020 22:34,,,
116,ETA,2020,['Miami'],ZULU,11/8/2020 11:46,,,
117,ETA,2020,['KeyWest'],ZULU,11/8/2020 1:18,,,
118,ETA,2020,"Miami, Everglades, PalmBeach, FortPierce",YANKEE,11/7/2020 9:00,,,
119,ETA,2020,KeyWest,YANKEE,11/7/2020 8:00,,,
120,ETA,2020,"Miami, Everglades, PalmBeach, FortPierce",XRAY,11/6/2020 10:00,,,
121,ETA,2020,['TAMPA'],X-RAY,11/6/2020 22:19,,,
122,ETA,2020,KeyWest,XRAY,11/6/2020 0:00,,,
123,ETA,2020,['TAMPA'],WHISKEY,11/5/2020 22:08,,,
124,ETA,2020,['Miami'],WHISKEY,11/5/2020 19:05,,,
125,ETA,2020,KeyWest,WHISKEY,11/4/2020 13:00,,,
126,LAURA,2020,['KEYWEST'],ZULU,8/24/2020 0:28,,,
127,LAURA,2020,['KEYWEST'],YANKEE,8/23/2020 12:19,,,
128,LAURA,2020,['KEYWEST'],X-RAY,8/22/2020 0:13,,,
129,LAURA,2020,Miami,WHISKEY,8/21/2020 12:00,,,
391,ISAIAS,2020,"['DELAWARE', 'BAY']",ZULU,8/4/2020 0:44,,,
392,ISAIAH,2020,['BALTIMORE'],YANKEE,8/3/2020 19:07,,,
393,ISAIAS,2020,['Virginia'],X-RAY,8/2/2020 20:26,,,
394,ISAIS,2020,['NORTHCAROLINA'],X-RAY,8/2/2020 20:25,,,
395,ISAIAS,2020,"['NORTH', 'CAROLINA', 'VIRGINIA']",X-RAY,8/2/2020 2:17,,,
131,ISAIAS,2020,['MIAMI'],ZULU,8/1/2020 12:05,,,
132,ISAIAH,2020,"['ISLAMORADA', 'CEASARS']",ZULU,8/1/2020 2:08,,,
396,ISAIAS,2020,"['VIRGINIA', 'MARYLAND']",WHISKEY,7/31/2020 22:06,,,
397,ISAIAS,2020,['NORTHCAROLINA'],WHISKEY,7/31/2020 22:03,,,
133,ISAIS,2020,['MIAMI'],YANKEE,7/31/2020 14:25,,,
134,ISAIAS,2020,['KEYWEST'],YANKEE,7/31/2020 14:22,,,
135,ISAIS,2020,['MIAMI'],X-RAY,7/30/2020 19:20,,,
136,ISAIAS,2020,KeyWest,X-RAY,7/29/2020 23:00,"All vessels must initiate heavy-weather preparations, secure moorings and gear, review emergency procedures, and be ready to get underway if higher port conditions are established.","All vessels must initiate heavy-weather preparations, secure moorings and gear, review emergency procedures, and be ready to get underway if higher port conditions are established.","Port and waterfront facilities must activate heavy-weather plans, secure or remove loose equipment and hazardous materials, verify emergency power and communications, and be prepared to cease cargo operations quickly as conditions escalate."
137,NINE,2020,"Miami, Everglades, PalmBeach, FortPierce",WHISKEY,7/29/2020 6:00,"All vessels must review heavy-weather plans, begin securing gear, ensure sufficient mooring lines, and be ready to depart or reposition on short notice.","All vessels must review heavy-weather plans, begin securing gear, ensure sufficient mooring lines, and be ready to depart or reposition on short notice.","Port and terminal operators should activate heavy-weather procedures, secure waterfront equipment and hazardous materials, verify communications, and ensure cargo operations can be safely halted and facilities secured within 12 hours of further notice."
138,NINE,2020,KeyWest,WHISKEY,7/29/2020 2:00,"All vessels must review and begin implementing their heavy-weather plans, maintain a state of readiness to depart or safely moor, report intentions and mooring arrangements to the Captain of the Port, and ensure that cargo operations can be secured on short notice.","All vessels must review and begin implementing their heavy-weather plans, maintain a state of readiness to depart or safely moor, report intentions and mooring arrangements to the Captain of the Port, and ensure that cargo operations can be secured on short notice.","Ports and waterfront facilities remain open but must start securing equipment and hazardous materials, remove or lash down loose gear, verify emergency power and communications, and prepare to suspend operations as conditions escalate."
363,DOUGLAS,2020,"['HONOLULU', 'KAUAI']",ZULU,7/26/2020 20:06,,,
364,DOUGLAS,2020,"['HAWAII', 'MAUI', 'HONOLULU', 'KAUAI']",ZULU,7/25/2020 23:21,,,
365,DOUGLAS,2020,"['HAWAII', 'MAUI', 'KAUAI']",X-RAY,7/25/2020 0:12,,,
366,DOUGLAS,2020,"['Hawaii', 'Maui', 'Honolulu']",WHISKEY,7/24/2020 8:47,,,
399,DELAWARE,2020,"['DELAWARE', 'BAY']",WHISKEY,7/10/2020 18:01,,,
139,NINE,2019,Canaveral,X-RAY,9/13/2019 18:00,,,
140,DORIAN,2019,"Savannah, Brunswick",ZULU,9/3/2019 12:00,Port Condition Zulu in effect: all vessel movements within the port are suspended.,Port Condition Zulu in effect: all vessel movements within the port are suspended.,"Port facilities are closed, cargo operations are suspended, and storm-secure measures are in place."
141,DORIAN,2019,Charleston,YANKEE,9/4/2019 0:00,Not specified in tweet or image,Not specified in tweet or image,Not specified in tweet or image
142,DORIAN,2019,"Jacksonville, Fernandina",ZULU,9/3/2019 4:00,"Port closed; all vessel movements into, out of, or within the port are prohibited unless specifically authorized by the Captain of the Port.","Port closed; all vessel movements into, out of, or within the port are prohibited unless specifically authorized by the Captain of the Port.","Cargo handling and bunkering operations must cease; terminal and facility operators must secure cranes, hazardous materials, and waterfront equipment and keep the port closed until the Captain of the Port lifts Condition Zulu."
143,DORIAN,2019,[],X-RAY,9/2/2019 23:02,,,
144,DORIAN,2019,"Jacksonville, Fernandina",YANKEE,9/2/2019 1:00,Gale-force winds expected within 24 h; inbound traffic restricted and all vessels must complete storm preparations and be ready to depart or seek safe refuge.,Gale-force winds expected within 24 h; inbound traffic restricted and all vessels must complete storm preparations and be ready to depart or seek safe refuge.,"Waterfront facilities must cease cargo transfers, secure cranes and loose equipment, and implement heavy-weather mooring and safety plans in anticipation of port closure."
145,DORIAN,2019,Canaveral,ZULU,9/2/2019 0:00,"Port closed; all vessel movements into, out of, or within the port are suspended unless specifically authorized by the Captain of the Port.","Port closed; all vessel movements into, out of, or within the port are suspended unless specifically authorized by the Captain of the Port.",Cargo operations are halted and port/facility operators must secure facilities in accordance with hurricane plans; no transfer or cargo handling is permitted until the port reopens.
146,DORIAN,2019,Miami,ZULU,9/1/2019 18:00,All vessel movements within the port are prohibited once Condition ZULU is set.,All vessel movements within the port are prohibited once Condition ZULU is set.,The port is closed to all vessel traffic and cargo handling operations are suspended until further notice.
147,DORIAN,2019,Charleston,WHISKEY,8/31/2019 16:00,,,
148,DORIAN,2019,['PortCanaveral'],YANKEE,8/31/2019 20:56,,,
149,DORIAN,2019,"Savannah, Brunswick",X-RAY,8/31/2019 4:00,,,
150,DORIAN,2019,"Jacksonville, Fernandina",X-RAY,8/29/2019 13:00,,,
151,DORIAN,2019,"Savannah, Brunswick",WHISKEY,8/29/2019 9:00,All vessels should review and implement heavy-weather plans and be prepared for potential restrictions as Hurricane DORIAN approaches.,All vessels should review and implement heavy-weather plans and be prepared for potential restrictions as Hurricane DORIAN approaches.,Ports and marine facilities remain open; operators should initiate heavy-weather preparations and secure equipment in accordance with their hurricane plans.
152,DORIAN,2019,Canaveral,X-RAY,8/29/2019 8:00,,,
153,DORIAN,2019,"Jacksonville, Fernandina",WHISKEY,8/28/2019 20:00,"All vessels are allowed to remain in port but must review and implement their heavy-weather plans, keep engines on standby, and stay alert to further Coast Guard directions.","All vessels are allowed to remain in port but must review and implement their heavy-weather plans, keep engines on standby, and stay alert to further Coast Guard directions.","Ports and waterfront facilities remain open; operators must secure loose equipment and cargo, test communications, and begin staging personnel and resources for possible escalation of port conditions."
154,DORIAN,2019,KeyWest,WHISKEY,8/28/2019 9:00,"All vessels should review and implement their heavy-weather mooring or departure plans, monitor weather broadcasts, and be prepared to take additional action as conditions change.","All vessels should review and implement their heavy-weather mooring or departure plans, monitor weather broadcasts, and be prepared to take additional action as conditions change.","Port and waterfront facilities remain open but must begin securing cargo-handling equipment, removing potential projectiles, and verifying that emergency power and communications are ready; facility operators should complete initial storm-prep checklists and report readiness to the Coast Guard."
155,DORIAN,2019,"['TAMPA', 'ST', 'PETERSBURG', 'MANATEE']",WHISKEY,8/28/2019 18:52,,,
156,DORIAN,2019,Canaveral,WHISKEY,8/28/2019 13:00,,,
157,DORIAN,2019,Miami,WHISKEY,8/28/2019 16:00,,,
158,DORIAN,2019,"['ARECIBO', 'GUANICA', 'GUAYAMA', 'GUAYANILLA', 'MAYAGUEZ', 'PONCE', 'SALINAS', 'TALLABOA']",YANKEE,8/27/2019 23:54,,,
159,DORIAN,2019,"['PUERTORICO', 'VIRGIN']",X-RAY,8/26/2019 17:09,,,
367,ERICK,2019,"Hilo, Kawaihae",WHISKEY,7/30/2019 13:00,Ports remain open to all commercial and recreational traffic; vessels should monitor the storm and begin early preparations as required under Port Condition WHISKEY.,Ports remain open to all commercial and recreational traffic; vessels should monitor the storm and begin early preparations as required under Port Condition WHISKEY.,"All port facilities remain open; operators should implement initial heavy weather preparations, secure equipment, and monitor further Coast Guard directives."
378,BARRY,2019,['NewOrleans'],ZULU,7/12/2019 22:50,,,
439,BARRY,2019,[],WHISKEY,7/12/2019 18:17,,,
400,MICHAEL,2018,"Norfolk, Portsmouth, NewportNews",YANKEE,10/10/2018 16:00,,,
401,MICHAEL,2018,"Wilmington, MoreheadCity",WHISKEY,10/8/2018 14:00,,,
368,OLIVIA,2018,"Honolulu, Kalaeloa, Hilo, Kawaihae, Kahului, Kaunakakai, Kaumalapau",ZULU,9/11/2018 18:00,"All vessel movements within the affected ports are suspended; no arrivals, departures or transits are permitted without specific Coast Guard approval.","All vessel movements within the affected ports are suspended; no arrivals, departures or transits are permitted without specific Coast Guard approval.","Cargo handling, bunkering and all waterfront operations are halted; facilities must secure equipment and prepare for severe weather."
402,FLORENCE,2018,"Wilmington, MoreheadCity, Norfolk, Portsmouth, NewportNews, Baltimore",X-RAY,9/11/2018 6:00,"All vessels should complete cargo operations, secure for heavy weather, and be prepared to depart or relocate as directed by the Captain of the Port.","All vessels should complete cargo operations, secure for heavy weather, and be prepared to depart or relocate as directed by the Captain of the Port.","Ports and marine facilities must activate their heavy-weather plans, secure hazardous materials and loose gear, and ensure that cargo-handling equipment and waterfront areas are properly secured."
160,FLORENCE,2018,Charleston,X-RAY,9/11/2018 0:00,"Port remains open; all vessels may transit but must exercise caution and begin storm preparations, ensuring adequate moorings and readiness to depart if directed.","Port remains open; all vessels may transit but must exercise caution and begin storm preparations, ensuring adequate moorings and readiness to depart if directed.","Cargo and facility operations may continue; facility operators should activate hurricane plans, secure loose equipment, and prepare to suspend operations if conditions escalate."
369,OLIVIA,2018,"Hilo, Kawaihae, Kahului, Kaunakakai, Honolulu, Kalaeloa, Nawiliwili",YANKEE,9/10/2018 10:00,"All vessels must complete cargo operations, secure their moorings and be prepared to depart or ride out the storm in port only with Captain-of-the-Port approval.","All vessels must complete cargo operations, secure their moorings and be prepared to depart or ride out the storm in port only with Captain-of-the-Port approval.","Port and facility operators must cease cargo handling, secure hazardous materials, and implement heavy-weather mooring and shutdown procedures."
161,FLORENCE,2018,"Charleston, Georgetown",WHISKEY,9/10/2018 0:00,"All vessels must initiate heavy-weather preparatory measures, review their storm mooring or departure plans, and maintain readiness to clear the port as conditions escalate.","All vessels must initiate heavy-weather preparatory measures, review their storm mooring or departure plans, and maintain readiness to clear the port as conditions escalate.","Ports and waterfront facilities remain open for normal operations; operators should secure hazardous cargo, verify emergency equipment, and begin implementing heavy-weather procedures in anticipation of conditions advancing beyond WHISKEY."
379,GORDON,2018,"['NEW', 'ORLEANS', 'MOBILE']",YANKEE,9/4/2018 15:07,,,
370,LANE,2018,"Princeville, Lihue, Poipu, Waialua, Nanakuli, Honolulu, Kailua, Kahuku, Kalaupapa, Kihei, Kahului, Hana, Hawi, Hilo, Volcano, Laupahoehoe",ZULU,8/23/2018 11:00,Port Condition ZULU: all vessel movements within affected ports are suspended; ports are closed to all inbound and outbound traffic.,Port Condition ZULU: all vessel movements within affected ports are suspended; ports are closed to all inbound and outbound traffic.,Port and terminal facilities must cease cargo operations and secure waterfront areas and equipment in accordance with their severe weather plans; port is closed until further notice.
371,LANE,2018,"Princeville, Poipu, Lihue, Waialua, Honolulu, Nanakuli, Kahuku, Kalaupapa, Kaunakakai, Lanai, Kihei, Kahului, Hana, Hawi, Laupahoehoe, Kailua, Hilo, Volcano, Kealakekua, Waikoloa",ZULU,8/22/2018 11:00,Inbound and outbound vessel traffic closed until further notice.,Inbound and outbound vessel traffic closed until further notice.,Port closed to vessel traffic until further notice.
372,HECTOR,2018,"Hilo, Kawaihae",YANKEE,8/7/2018 11:00,Ports are closed to inbound vessel traffic; vessel traffic control measures are in effect for all movements within the port.,Ports are closed to inbound vessel traffic; vessel traffic control measures are in effect for all movements within the port.,No specific facility directives stated beyond the closure to inbound traffic and implementation of traffic control measures.
373,HECTOR,2018,"Hilo, Kawaihae",WHISKEY,8/5/2018 21:00,Ports remain open to all vessel traffic.,Ports remain open to all vessel traffic.,Transfer operations may continue while Condition WHISKEY is in effect.
162,MARIA,2017,"SanJuan, Ponce, Mayaguez, Arecibo, Guayanilla, Fajardo, Yabucoa, Guanica, CharlotteAmalie, CruzBay, Frederiksted, Christiansted",ZULU,9/27/2017 9:00,All vessel movements within affected ports are prohibited unless specifically authorized by the Captain of the Port.,All vessel movements within affected ports are prohibited unless specifically authorized by the Captain of the Port.,Cargo and bunkering operations are suspended; port facilities are directed to secure equipment and implement heavy-weather safety plans until further notice.
163,MARIA,2017,"SanJuan, Ponce, Mayaguez, Arecibo, CharlotteAmalie, CruzBay, Christiansted, Frederiksted",ZULU,9/18/2017 23:00,All vessel movements within the COTP zone are prohibited; vessels alongside must be secured and may not conduct cargo or bunkering operations without specific Coast Guard approval.,All vessel movements within the COTP zone are prohibited; vessels alongside must be secured and may not conduct cargo or bunkering operations without specific Coast Guard approval.,"All ports and waterfront facilities are closed to commercial operations; cargo handling, bunkering, and passenger embarkation are suspended and facilities must implement heavy-weather securing plans."
164,MARIA,2017,"SanJuan, Ponce, Mayaguez, Fajardo, Guayanilla, Aguadilla, CharlotteAmalie, Christiansted, Frederiksted, CruzBay",YANKEE,9/18/2017 10:00,"All vessels must cease cargo operations, secure moorings, and complete storm preparations in anticipation of gale-force winds within 24 hours.","All vessels must cease cargo operations, secure moorings, and complete storm preparations in anticipation of gale-force winds within 24 hours.","Ports and waterfront facilities must suspend all cargo and fuel transfer operations, secure hazardous materials and equipment, and lock down cranes and piers for heavy-weather conditions."
165,MARIA,2017,"SanJuan, Ponce, Mayaguez, Arecibo, Fajardo, Culebra, Vieques, StThomas, StCroix",XRAY,9/17/2017 12:00,"All vessels must initiate heavy-weather preparations, secure moorings, double up lines, and be ready to depart the port or take further action within 24-hours notice.","All vessels must initiate heavy-weather preparations, secure moorings, double up lines, and be ready to depart the port or take further action within 24-hours notice.","Port and waterfront facilities must begin securing cargo-handling equipment, remove or secure hazardous materials and debris, ensure availability of adequate mooring arrangements, and review hurricane preparedness plans with the Captain of the Port."
167,IRMA,2017,['Charleston'],YANKEE,9/10/2017 17:51,,,
168,IRMA,2017,"['SAVANNAH', 'BRUNSWICK']",ZULU,9/10/2017 14:24,,,
169,IRMA,2017,"['JACKSONVILLE', 'FERNANDINA']",ZULU,9/10/2017 0:11,,,
170,IRMA,2017,['Canaveral'],ZULU,9/9/2017 16:34,,,
171,IRMA,2017,"['SAVANNAH', 'BRUNSWICK']",YANKEE,9/9/2017 16:12,,,
172,IRMA,2017,"['JACKSONVILLE', 'FERNANDINA']",YANKEE,9/9/2017 13:56,,,
173,IRMA,2017,"['TAMPA', 'ST.', 'PETERSBURG', 'MANATEE']",YANKEE,9/9/2017 0:46,,,
174,IRMA,2017,['CHARLESTON'],X-RAY,9/8/2017 23:59,,,
175,IRMA,2017,"['SAVANNAH', 'BRUNSWICK']",X-RAY,9/8/2017 16:08,,,
176,IRMA,2017,['CANAVERAL'],YANKEE,9/8/2017 14:34,,,
177,IRMA,2017,"['JACKSONVILLE', 'FERNANDINA']",X-RAY,9/7/2017 23:48,,,
404,IRMA,2017,"Wilmington, MoreheadCity",WHISKEY,9/7/2017 8:00,"All vessels are advised to remain vigilant, review and implement heavy-weather plans, and begin preparations to depart or seek safe harbor as conditions change.","All vessels are advised to remain vigilant, review and implement heavy-weather plans, and begin preparations to depart or seek safe harbor as conditions change.","Ports and waterfront facilities remain open but should initiate heavy-weather preparations, secure hazardous materials and potential pollutants, and be ready for additional restrictions as the storm approaches."
178,IRMA,2017,['CHARLESTON'],WHISKEY,9/7/2017 16:06,,,
179,IRMA,2017,['CANAVERAL'],X-RAY,9/7/2017 14:20,,,
180,IRMA,2017,"['SAVANNAH', 'BRUNSWICK']",WHISKEY,9/7/2017 14:17,,,
181,IRMA,2017,"['JACKSONVILLE', 'FERNANDINA']",WHISKEY,9/7/2017 0:23,,,
182,IRMA,2017,['CANAVERAL'],WHISKEY,9/6/2017 16:53,,,
380,HARVEY,2017,"['HOUSTON', 'GALVESTON']",X-RAY,9/1/2017 19:50,,,
381,HARVEY,2017,"['HOUSTON', 'GALVESTON']",ZULU,8/25/2017 20:04,,,
184,MATTHEW,2016,"['SOUTH', 'CAROLINA']",ZULU,10/8/2016 19:53,,,
221,MATTHEW,2016,[],YANKEE,10/8/2016 15:20,,,
222,MATTHEW,2016,['WILMINGTON'],ZULU,10/8/2016 13:31,,,
223,MATTHEW,2016,['WILMINGTON'],ZULU,10/7/2016 22:02,,,
224,MATTHEW,2016,[],YANKEE,10/7/2016 18:07,,,
405,MATTHEW,2016,"Wilmington, Morehead",YANKEE,10/7/2016 4:00,Inbound vessel traffic is suspended; all vessels in port must finalize cargo operations and either depart or secure at a safe berth in preparation for gale-force winds within 24 hours.,Inbound vessel traffic is suspended; all vessels in port must finalize cargo operations and either depart or secure at a safe berth in preparation for gale-force winds within 24 hours.,"Port and waterfront facilities must secure hazardous materials, ensure cranes and cargo equipment are stowed, and complete all storm preparations in anticipation of port closure."
225,MATTHEW,2016,[],YANKEE,10/7/2016 16:31,,,
226,MATTHEW,2016,['TAMPA'],YANKEE,10/7/2016 0:31,,,
227,MATTHEW,2016,[],YANKEE,10/7/2016 0:25,,,
406,MATTHEW,2016,"Wilmington, MoreheadCity",X-RAY,10/6/2016 2:00,"All vessels must review and activate their heavy-weather plans, ensure adequate moorings, and keep the Coast Guard informed of their intentions.","All vessels must review and activate their heavy-weather plans, ensure adequate moorings, and keep the Coast Guard informed of their intentions.","Waterfront facilities should initiate heavy-weather procedures, secure or remove hazardous cargoes, and verify that adequate moorings and safe access for vessels are available."
228,MATTHEW,2016,[],X-RAY,10/6/2016 14:36,,,
185,MATTHEW,2016,"['SOUTH', 'FLORIDA']",ZULU,10/6/2016 2:04,,,
186,MATTHEW,2016,"['KEY', 'WEST']",ZULU,10/6/2016 0:36,,,
229,MATTHEW,2016,"['KEY', 'WEST']",ZULU,10/6/2016 0:25,,,
230,MATTHEW,2016,[],WHISKEY,10/5/2016 16:57,,,
187,MATTHEW,2016,"['KEY', 'WEST']",YANKEE,10/5/2016 16:33,,,
231,MATTHEW,2016,[],YANKEE,10/5/2016 15:10,,,
188,MATTHEW,2016,['KEY'],X-RAY,10/4/2016 15:27,,,
189,MATTHEW,2016,"['SOUTH', 'FLORIDA']",X-RAY,10/4/2016 15:26,,,
190,MATTHEW,2016,"['SOUTH', 'FLORIDA']",WHISKEY,10/3/2016 15:02,,,
234,MATTHEW,2016,[],WHISKEY,10/3/2016 14:58,,,
407,HERMINE,2016,['PHILADELPHIA'],WHISKEY,9/5/2016 21:02,,,
235,HERMINE,2016,"['PHILADELPHIA', 'SOUTH', 'JERSEY', 'DELAWARE']",WHISKEY,9/5/2016 20:52,,,
408,HERMINE,2016,"['Philly', 'SouthJersey', 'Delaware']",X-RAY,9/4/2016 17:00,,,
236,HERMINE,2016,"['PHILADELPHIA', 'SOUTH', 'JERSEY', 'DELAWARE']",X-RAY,9/4/2016 16:36,,,
237,HERMINE,2016,['VA'],WHISKEY,9/4/2016 14:06,,,
238,HERMINE,2016,[],WHISKEY,9/4/2016 1:31,,,
411,HERMINE,2016,"Norfolk, NewportNews, Portsmouth, Chesapeake",YANKEE,9/2/2016 10:00,"All vessels must complete cargo operations, secure gear, and prepare to clear the channel or moor safely; no inbound traffic without specific Coast Guard approval.","All vessels must complete cargo operations, secure gear, and prepare to clear the channel or moor safely; no inbound traffic without specific Coast Guard approval.","Port and terminal operators must secure cranes, hazardous materials, and loose equipment, discontinue cargo transfers involving bulk petroleum or hazardous cargoes, and prepare facilities for possible shutdown."
239,HERMINE,2016,['VIRGINIA'],YANKEE,9/2/2016 22:22,,,
412,HERMINE,2016,"Wilmington, Morehead",ZULU,9/2/2016 7:00,Port closed; no vessel movements permitted and all vessels already in port must be securely moored and remain in port until the condition is lifted.,Port closed; no vessel movements permitted and all vessels already in port must be securely moored and remain in port until the condition is lifted.,All cargo handling and port operations are suspended; facilities must be secured and all loose equipment and hazardous materials properly stowed.
240,HERMINE,2016,[],ZULU,9/2/2016 19:46,,,
241,HERMINE,2016,"['PHILADELPHIA', 'NEWJERSEY', 'DELAWARE']",WHISKEY,9/2/2016 16:20,,,
242,HERMINE,2016,"['TARPON', 'SPRINGS']",ZULU,9/2/2016 2:32,,,
413,HERMINE,2016,"Norfolk, Portsmouth, NewportNews",WHISKEY,9/1/2016 13:00,"All vessels in the Port of Virginia should review and implement heavy-weather plans, verify moorings, secure equipment, and remain ready for further Coast Guard direction.","All vessels in the Port of Virginia should review and implement heavy-weather plans, verify moorings, secure equipment, and remain ready for further Coast Guard direction.","Port facilities should begin securing cranes and cargo-handling gear, clear docks of loose items, verify emergency power, and activate hurricane preparedness procedures."
243,HERMINE,2016,['VIRGINIA'],WHISKEY,9/2/2016 1:21,,,
191,HERMINE,2016,"['CHARLESTON', 'SAVANNAH', 'BRUNSWICK']",YANKEE,9/2/2016 1:13,,,
414,HERMINE,2016,"Wilmington, MoreheadCity",X-RAY,8/31/2016 11:00,,,
244,HERMINE,2016,[],X-RAY,8/31/2016 23:03,,,
245,HERMINE,2016,"['TAMPA', 'ST.', 'PETERSBURG']",WHISKEY,8/29/2016 19:42,,,
192,HERMINE,2016,['KEY'],X-RAY,8/26/2016 16:18,,,
246,HERMINE,2016,"['MIAMI', 'RIVER', 'EVERGLADES']",WHISKEY,8/25/2016 20:35,,,
374,DARBY,2016,"Hilo, Kawaihae, Kahului, Lahaina",X-RAY,7/21/2016 16:00,"All vessels should review and activate heavy-weather plans, secure loose gear, reinforce mooring arrangements, and maintain a continuous communications watch with the COTP.","All vessels should review and activate heavy-weather plans, secure loose gear, reinforce mooring arrangements, and maintain a continuous communications watch with the COTP.","Port and facility operators should begin heavy-weather preparations, secure or stow hazardous cargo, inspect and ready emergency equipment, and prepare for the possible suspension of cargo and bunkering operations as conditions escalate."
415,JOAQUIN,2015,"Norfolk, Portsmouth, NewportNews, Hampton, Chesapeake",WHISKEY,10/1/2015 8:00,"Port remains open to all traffic; mariners are advised to exercise caution, monitor weather updates, and begin heavy-weather preparations.","Port remains open to all traffic; mariners are advised to exercise caution, monitor weather updates, and begin heavy-weather preparations.","Port and facility operators should implement heavy-weather procedures, secure cargo-handling gear and waterfront equipment, and initiate storm preparedness measures."
248,JOAQUIN,2015,"['NORTH', 'CAROLINA']",WHISKEY,10/1/2015 19:14,,,
249,JOAQUIN,2015,"['HAMPTON', 'ROADS']",WHISKEY,10/1/2015 19:13,,,
416,JOAQUIN,2015,"Wilmington, MoreheadCity, Beaufort",WHISKEY,10/1/2015 2:00,"All vessels must review and implement their heavy-weather mooring or sortie plans, ensure extra mooring lines and chafing gear are ready, and maintain close communication with the Coast Guard.","All vessels must review and implement their heavy-weather mooring or sortie plans, ensure extra mooring lines and chafing gear are ready, and maintain close communication with the Coast Guard.","Ports and waterfront facilities remain open but must begin securing cargo-handling equipment, remove potential debris and hazardous materials, verify emergency power systems, and review heavy-weather response plans."
250,JOAQUIN,2015,"['NORTH', 'CAROLINA']",WHISKEY,10/1/2015 14:17,,,
251,ERIKA,2015,"['CANAVERAL', 'FERNANDINA', 'JACKSONVILLE']",WHISKEY,8/30/2015 15:27,,,
193,ERIKA,2015,"['Canaveral', 'Jacksonville', 'Fernandina']",WHISKEY,8/29/2015 0:17,,,
252,ERIKA,2015,"['CANAVERAL', 'FERNANDINA', 'JACKSONVILLE']",WHISKEY,8/29/2015 0:04,,,
194,ERIKA,2015,['KW'],X-RAY,8/28/2015 23:37,,,
253,ERIKA,2015,[],X-RAY,8/28/2015 20:09,,,
195,ERIKA,2015,"Miami, MiamiRiver, Everglades, PalmBeach, FortPierce",WHISKEY,8/28/2015 0:00,"All vessels must remove or secure hazardous materials and loose gear, take all practicable measures to maximize stability, maintain a navigation watch and monitor VHF-16, arrange sufficient tug assistance for arrivals and departures, and ensure small craft are hauled out or moored in sheltered locations. Unmanned or “dead” vessels may not remain in the port without notification to the COTP.","All vessels must remove or secure hazardous materials and loose gear, take all practicable measures to maximize stability, maintain a navigation watch and monitor VHF-16, arrange sufficient tug assistance for arrivals and departures, and ensure small craft are hauled out or moored in sheltered locations. Unmanned or “dead” vessels may not remain in the port without notification to the COTP.","Waterfront facilities must clear docks of potential missile hazards, flying debris, hazardous materials and oil-pollution threats; implement container-stacking limits (maximum two high for hazmat containers, four high for others) or alternate securing arrangements approved by the COTP; secure docks, wharves and piers; notify the COTP of any dangerous cargo that must remain outside; conduct safety surveys and correct hazards within 48 hours; prepare for possible bridge closures, traffic restrictions, and implementation of hurricane pollution contingency and security plans."
254,ERIKA,2015,['PUERTO'],ZULU,8/27/2015 16:41,,,
255,ERIKA,2015,['PUERTO'],ZULU,8/27/2015 14:38,,,
256,ERIKA,2015,"['VIRGIN', 'PUERTO']",ZULU,8/27/2015 11:21,,,
257,ERIKA,2015,"['VIRGIN', 'PUERTO']",YANKEE,8/26/2015 20:29,,,
258,ERIKA,2015,"['VIRGIN', 'PUERTO']",X-RAY,8/25/2015 18:03,,,
259,ERIKA,2015,"['VIRGIN', 'PUERTO']",X-RAY,8/22/2015 23:10,,,
260,ERIKA,2015,"['VIRGIN', 'PUERTO']",WHISKEY,8/21/2015 19:02,,,
501,DARBY,2016,"Honolulu, Kalaeloa",WHISKEY,7/21/2016 16:00,"All vessels should review and activate heavy-weather plans, secure loose gear, reinforce mooring arrangements, and maintain a continuous communications watch with the COTP.",,"Port and facility operators should begin heavy-weather preparations, secure or stow hazardous cargo, inspect and ready emergency equipment, and prepare for the possible suspension of cargo and bunkering operations as conditions escalate."
502,BERYL,2024,Christi,ZULU,7/7/2024 4:00,"Mariners are reminded there are no safe havens; under Condition Zulu no vessels may enter or transit the port and all vessel movements are prohibited; under Condition Yankee all vessels, barges and pleasure craft should plan to depart the port early to avoid bridge closures.",,"Under Condition Zulu all waterfront operations are suspended except final safety preparations approved by the Captain of the Port, and facility preparations should be complete; ports are safest when the inventory of vessels is at a minimum."
